"date_utc","extent","iaga","geolon","geolat","magon","maglat","mlt","mcolat","igrf_decl","sza","dbn_nez","dbe_nez","dbz_nez","dbn_geo","dbe_geo","dbz_geo"
"2001-01-01T01:00:00",60,"GTF","288.05","43.62","6.17","53.63","20.27","36.37","-15.86","128.66","-9.0","-29.0","6.8","-16.6","-25.4","6.8"
"2001-01-02T01:00:00",60,"GTF","288.05","43.62","6.17","53.63","20.27","36.37","-15.86","128.52","-8.3","-17.1","3.9","-12.7","-14.2","3.9"
"2001-01-03T01:00:00",60,"GTF","288.05","43.62","6.17","53.63","20.26","36.37","-15.86","128.38","11.7","-13.2","-0.6","7.7","-15.9","-0.6"
"2001-01-04T01:00:00",60,"GTF","288.05","43.62","6.17","53.63","20.25","36.37","-15.86","128.23","-13.3","-13.2","3.5","-16.4","-9.1","3.5"
"2001-01-05T01:00:00",60,"GTF","288.05","43.62","6.17","53.63","20.25","36.37","-15.86","128.08","-3.6","-14.6","4.9","-7.5","-13.0","4.9"
"2001-01-06T01:00:00",60,"GTF","288.05","43.62","6.17","53.63","20.24","36.37","-15.86","127.93","-12.6","-8.2","9.8","-14.4","-4.5","9.8"
"2001-01-07T01:00:00",60,"GTF","288.05","43.62","6.17","53.63","20.23","36.37","-15.86","127.77","-8.2","-8.7","6.6","-10.3","-6.1","6.6"
"2001-01-08T01:00:00",60,"GTF","288.05","43.62","6.17","53.63","20.23","36.37","-15.86","127.62","-0.8","-5.8","4.8","-2.4","-5.3","4.8"
"2001-01-09T01:00:00",60,"GTF","288.05","43.62","6.17","53.63","20.22","36.37","-15.86","127.45","-4.9","-5.5","9.1","-6.2","-4.0","9.1"
"2001-01-10T01:00:00",60,"GTF","288.05","43.62","6.17","53.63","20.22","36.37","-15.86","127.29","4.6","-3.7","0.6","3.5","-4.8","0.6"
"2001-01-11T01:00:00",60,"GTF","288.05","43.62","6.17","53.63","20.21","36.37","-15.86","127.12","4.1","-3.7","-2.4","2.9","-4.7","-2.4"
"2001-01-12T01:00:00",60,"GTF","288.05","43.62","6.17","53.63","20.21","36.37","-15.86","126.95","-4.2","-8.4","4.5","-6.3","-7.0","4.5"
"2001-01-13T01:00:00",60,"GTF","288.05","43.62","6.17","53.63","20.20","36.37","-15.86","126.78","8.4","-7.9","-0.9","5.9","-9.9","-0.9"
"2001-01-14T01:00:00",60,"GTF","288.05","43.62","6.17","53.63","20.20","36.37","-15.85","126.60","-3.9","-8.3","0.3","-6.0","-6.9","0.3"
"2001-01-15T01:00:00",60,"GTF","288.05","43.62","6.17","53.63","20.20","36.37","-15.85","126.42","1.5","-7.3","2.2","-0.5","-7.4","2.2"
"2001-01-16T01:00:00",60,"GTF","288.05","43.62","6.17","53.63","20.19","36.37","-15.85","126.24","0.6","0.1","3.9","0.6","0.0","3.9"
"2001-01-17T01:00:00",60,"GTF","288.05","43.62","6.18","53.63","20.19","36.37","-15.85","126.06","-14.0","-5.1","6.2","-14.8","-1.1","6.2"
"2001-01-18T01:00:00",60,"GTF","288.05","43.62","6.18","53.63","20.19","36.37","-15.85","125.87","5.7","3.3","-1.0","6.4","1.6","-1.0"
"2001-01-19T01:00:00",60,"GTF","288.05","43.62","6.18","53.63","20.19","36.37","-15.85","125.68","2.8","4.5","1.2","3.9","3.6","1.2"
"2001-01-20T01:00:00",60,"GTF","288.05","43.62","6.18","53.63","20.18","36.37","-15.85","125.49","8.7","10.8","0.8","11.3","8.0","0.8"
"2001-01-21T01:00:00",60,"GTF","288.05","43.62","6.18","53.63","20.18","36.37","-15.85","125.30","-13.8","-3.7","15.3","-14.3","0.2","15.3"
"2001-01-22T01:00:00",60,"GTF","288.05","43.62","6.18","53.63","20.18","36.37","-15.85","125.10","-15.9","-1.9","21.7","-15.8","2.5","21.7"
"2001-01-23T01:00:00",60,"GTF","288.05","43.62","6.18","53.63","20.18","36.37","-15.85","124.91","-2.2","7.6","8.1","0.0","7.9","8.1"
"2001-01-24T01:00:00",60,"GTF","288.05","43.62","6.18","53.63","20.18","36.37","-15.85","124.71","-11.0","-0.4","15.6","-10.7","2.7","15.6"
"2001-01-25T01:00:00",60,"GTF","288.05","43.62","6.18","53.63","20.18","36.37","-15.85","124.51","-13.1","3.9","18.6","-11.5","7.4","18.6"
"2001-01-26T01:00:00",60,"GTF","288.05","43.62","6.18","53.63","20.18","36.37","-15.85","124.31","-15.7","22.6","-5.9","-8.9","26.1","-5.9"
"2001-01-27T01:00:00",60,"GTF","288.05","43.62","6.18","53.63","20.18","36.37","-15.85","124.10","-17.1","1.1","-2.7","-16.1","5.7","-2.7"
"2001-01-28T01:00:00",60,"GTF","288.05","43.62","6.18","53.63","20.18","36.37","-15.85","123.90","-7.8","2.9","-6.0","-6.7","4.9","-6.0"
"2001-01-29T01:00:00",60,"GTF","288.05","43.62","6.18","53.63","20.18","36.37","-15.85","123.69","-10.1","4.1","-0.8","-8.6","6.7","-0.8"
"2001-01-30T01:00:00",60,"GTF","288.05","43.62","6.18","53.63","20.18","36.37","-15.85","123.48","-14.2","-3.3","-0.6","-14.6","0.8","-0.6"
"2001-01-31T01:00:00",60,"GTF","288.05","43.62","6.18","53.63","20.18","36.37","-15.85","123.27","-11.0","-0.2","-8.6","-10.7","2.9","-8.6"
"2001-02-01T01:00:00",60,"GTF","288.05","43.62","6.18","53.63","20.18","36.37","-15.85","123.06","-26.9","-1.3","5.2","-26.3","6.1","5.2"
"2001-02-02T01:00:00",60,"GTF","288.05","43.62","6.18","53.63","20.18","36.37","-15.85","122.85","-22.8","4.6","2.2","-20.7","10.7","2.2"
"2001-02-03T01:00:00",60,"GTF","288.05","43.62","6.18","53.63","20.18","36.37","-15.85","122.63","-5.0","2.4","-3.3","-4.2","3.7","-3.3"
"2001-02-04T01:00:00",60,"GTF","288.05","43.62","6.18","53.63","20.19","36.37","-15.85","122.42","0.7","0.5","-4.4","0.8","0.3","-4.4"
"2001-02-05T01:00:00",60,"GTF","288.05","43.62","6.18","53.63","20.19","36.37","-15.85","122.20","3.7","-0.8","-8.0","3.3","-1.8","-8.0"
"2001-02-06T01:00:00",60,"GTF","288.05","43.62","6.18","53.63","20.19","36.37","-15.85","121.99","9.1","-3.3","-3.2","7.8","-5.7","-3.2"
"2001-02-07T01:00:00",60,"GTF","288.05","43.62","6.18","53.62","20.19","36.38","-15.85","121.77","-9.6","12.8","5.4","-5.7","15.0","5.4"
"2001-02-08T01:00:00",60,"GTF","288.05","43.62","6.18","53.62","20.20","36.38","-15.85","121.55","-1.4","-5.2","0.5","-2.8","-4.6","0.5"
"2001-02-09T01:00:00",60,"GTF","288.05","43.62","6.18","53.62","20.20","36.38","-15.85","121.33","8.4","0.6","0.1","8.2","-1.8","0.1"
"2001-02-10T01:00:00",60,"GTF","288.05","43.62","6.18","53.62","20.21","36.38","-15.85","121.10","-0.6","-0.3","0.9","-0.7","-0.1","0.9"
"2001-02-11T01:00:00",60,"GTF","288.05","43.62","6.18","53.62","20.21","36.38","-15.85","120.88","-0.8","-5.8","1.1","-2.3","-5.3","1.1"
"2001-02-12T01:00:00",60,"GTF","288.05","43.62","6.18","53.62","20.21","36.38","-15.85","120.66","-2.2","-5.3","-3.5","-3.6","-4.5","-3.5"
"2001-02-13T01:00:00",60,"GTF","288.05","43.62","6.18","53.62","20.22","36.38","-15.85","120.43","-15.1","2.0","1.3","-13.9","6.0","1.3"
"2001-02-14T01:00:00",60,"GTF","288.05","43.62","6.18","53.62","20.22","36.38","-15.85","120.21","-18.6","22.4","15.4","-11.8","26.7","15.4"
"2001-02-15T01:00:00",60,"GTF","288.05","43.62","6.18","53.62","20.23","36.38","-15.85","119.98","-14.4","-8.1","7.1","-16.1","-3.9","7.1"
"2001-02-16T01:00:00",60,"GTF","288.05","43.62","6.18","53.62","20.23","36.38","-15.85","119.75","-3.8","-12.4","3.8","-7.1","-10.9","3.8"
"2001-02-17T01:00:00",60,"GTF","288.05","43.62","6.18","53.62","20.24","36.38","-15.85","119.52","-1.9","-7.8","0.0","-4.0","-6.9","0.0"
"2001-02-18T01:00:00",60,"GTF","288.05","43.62","6.18","53.62","20.24","36.38","-15.85","119.29","-2.7","-12.6","-0.4","-6.1","-11.4","-0.4"
"2001-02-19T01:00:00",60,"GTF","288.05","43.62","6.18","53.62","20.25","36.38","-15.85","119.06","1.6","-14.0","-3.8","-2.2","-13.9","-3.8"
"2001-02-20T01:00:00",60,"GTF","288.05","43.62","6.18","53.62","20.26","36.38","-15.85","118.83","-1.6","-16.3","-1.8","-6.0","-15.2","-1.8"
"2001-02-21T01:00:00",60,"GTF","288.05","43.62","6.18","53.62","20.26","36.38","-15.85","118.60","-2.1","-40.9","10.1","-13.2","-38.8","10.1"
"2001-02-22T01:00:00",60,"GTF","288.05","43.62","6.18","53.62","20.27","36.38","-15.85","118.37","0.6","-17.9","1.5","-4.3","-17.4","1.5"
"2001-02-23T01:00:00",60,"GTF","288.05","43.62","6.18","53.62","20.27","36.38","-15.85","118.14","-25.8","-49.9","23.6","-38.4","-41.0","23.6"
"2001-02-24T01:00:00",60,"GTF","288.05","43.62","6.18","53.62","20.28","36.38","-15.85","117.90","-6.5","-11.8","5.2","-9.5","-9.6","5.2"
"2001-02-25T01:00:00",60,"GTF","288.05","43.62","6.18","53.62","20.29","36.38","-15.85","117.67","2.0","-8.3","0.1","-0.4","-8.5","0.1"
"2001-02-26T01:00:00",60,"GTF","288.05","43.62","6.18","53.62","20.30","36.38","-15.85","117.43","4.2","-9.7","1.8","1.4","-10.5","1.8"
"2001-02-27T01:00:00",60,"GTF","288.05","43.62","6.18","53.62","20.30","36.38","-15.85","117.20","-25.4","-16.9","33.2","-29.0","-9.3","33.2"
"2001-02-28T01:00:00",60,"GTF","288.05","43.62","6.18","53.62","20.31","36.38","-15.85","116.96","0.5","-4.8","0.8","-0.8","-4.7","0.8"
"2001-03-01T01:00:00",60,"GTF","288.05","43.62","6.18","53.62","20.32","36.38","-15.85","116.73","-24.8","8.8","7.5","-21.5","15.2","7.5"
"2001-03-02T01:00:00",60,"GTF","288.05","43.62","6.18","53.62","20.33","36.38","-15.85","116.49","0.6","-3.7","1.5","-0.4","-3.7","1.5"
"2001-03-03T01:00:00",60,"GTF","288.05","43.62","6.18","53.62","20.33","36.38","-15.85","116.25","NaN","NaN","NaN","NaN","NaN","NaN"
"2001-03-04T01:00:00",60,"GTF","288.05","43.62","6.18","53.62","20.34","36.38","-15.85","116.01","NaN","NaN","NaN","NaN","NaN","NaN"
"2001-03-05T01:00:00",60,"GTF","288.05","43.62","6.18","53.62","20.35","36.38","-15.85","115.77","NaN","NaN","NaN","NaN","NaN","NaN"
"2001-03-06T01:00:00",60,"GTF","288.05","43.62","6.18","53.62","20.36","36.38","-15.85","115.54","NaN","NaN","NaN","NaN","NaN","NaN"
"2001-03-07T01:00:00",60,"GTF","288.05","43.62","6.18","53.62","20.37","36.38","-15.85","115.30","NaN","NaN","NaN","NaN","NaN","NaN"
"2001-03-08T01:00:00",60,"GTF","288.05","43.62","6.18","53.62","20.37","36.38","-15.85","115.06","NaN","NaN","NaN","NaN","NaN","NaN"
"2001-03-09T01:00:00",60,"GTF","288.05","43.62","6.18","53.62","20.38","36.38","-15.85","114.81","NaN","NaN","NaN","NaN","NaN","NaN"
"2001-03-10T01:00:00",60,"GTF","288.05","43.62","6.18","53.62","20.39","36.38","-15.85","114.57","NaN","NaN","NaN","NaN","NaN","NaN"
"2001-03-11T01:00:00",60,"GTF","288.05","43.62","6.18","53.62","20.40","36.38","-15.85","114.33","NaN","NaN","NaN","NaN","NaN","NaN"
"2001-03-12T01:00:00",60,"GTF","288.05","43.62","6.18","53.62","20.41","36.38","-15.85","114.09","NaN","NaN","NaN","NaN","NaN","NaN"
"2001-03-13T01:00:00",60,"GTF","288.05","43.62","6.18","53.62","20.42","36.38","-15.85","113.85","NaN","NaN","NaN","NaN","NaN","NaN"
"2001-03-14T01:00:00",60,"GTF","288.05","43.62","6.18","53.62","20.43","36.38","-15.84","113.61","NaN","NaN","NaN","NaN","NaN","NaN"
"2001-03-15T01:00:00",60,"GTF","288.05","43.62","6.18","53.62","20.44","36.38","-15.84","113.36","NaN","NaN","NaN","NaN","NaN","NaN"
"2001-03-16T01:00:00",60,"GTF","288.05","43.62","6.18","53.62","20.45","36.38","-15.84","113.12","NaN","NaN","NaN","NaN","NaN","NaN"
"2001-03-17T01:00:00",60,"GTF","288.05","43.62","6.18","53.62","20.45","36.38","-15.84","112.88","NaN","NaN","NaN","NaN","NaN","NaN"
"2001-03-18T01:00:00",60,"GTF","288.05","43.62","6.18","53.62","20.46","36.38","-15.84","112.63","NaN","NaN","NaN","NaN","NaN","NaN"
"2001-03-19T01:00:00",60,"GTF","288.05","43.62","6.18","53.62","20.47","36.38","-15.84","112.39","NaN","NaN","NaN","NaN","NaN","NaN"
"2001-03-20T01:00:00",60,"GTF","288.05","43.62","6.18","53.62","20.48","36.38","-15.84","112.14","NaN","NaN","NaN","NaN","NaN","NaN"
"2001-03-21T01:00:00",60,"GTF","288.05","43.62","6.18","53.62","20.49","36.38","-15.84","111.90","NaN","NaN","NaN","NaN","NaN","NaN"
"2001-03-22T01:00:00",60,"GTF","288.05","43.62","6.18","53.62","20.50","36.38","-15.84","111.66","NaN","NaN","NaN","NaN","NaN","NaN"
"2001-03-23T01:00:00",60,"GTF","288.05","43.62","6.18","53.62","20.51","36.38","-15.84","111.41","NaN","NaN","NaN","NaN","NaN","NaN"
"2001-03-24T01:00:00",60,"GTF","288.05","43.62","6.19","53.62","20.52","36.38","-15.84","111.17","NaN","NaN","NaN","NaN","NaN","NaN"
"2001-03-25T01:00:00",60,"GTF","288.05","43.62","6.19","53.62","20.53","36.38","-15.84","110.92","NaN","NaN","NaN","NaN","NaN","NaN"
"2001-03-26T01:00:00",60,"GTF","288.05","43.62","6.19","53.62","20.54","36.38","-15.84","110.67","NaN","NaN","NaN","NaN","NaN","NaN"
"2001-03-27T01:00:00",60,"GTF","288.05","43.62","6.19","53.62","20.55","36.38","-15.84","110.43","NaN","NaN","NaN","NaN","NaN","NaN"
"2001-03-28T01:00:00",60,"GTF","288.05","43.62","6.19","53.62","20.55","36.38","-15.84","110.18","NaN","NaN","NaN","NaN","NaN","NaN"
"2001-03-29T01:00:00",60,"GTF","288.05","43.62","6.19","53.62","20.56","36.38","-15.84","109.94","NaN","NaN","NaN","NaN","NaN","NaN"
"2001-03-30T01:00:00",60,"GTF","288.05","43.62","6.19","53.62","20.57","36.38","-15.84","109.69","NaN","NaN","NaN","NaN","NaN","NaN"
"2001-03-31T01:00:00",60,"GTF","288.05","43.62","6.19","53.61","20.58","36.39","-15.84","109.45","NaN","NaN","NaN","NaN","NaN","NaN"
"2001-04-01T01:00:00",60,"GTF","288.05","43.62","6.19","53.61","20.59","36.39","-15.84","109.20","NaN","NaN","NaN","NaN","NaN","NaN"
"2001-04-02T01:00:00",60,"GTF","288.05","43.62","6.19","53.61","20.60","36.39","-15.84","108.96","NaN","NaN","NaN","NaN","NaN","NaN"
"2001-04-03T01:00:00",60,"GTF","288.05","43.62","6.19","53.61","20.61","36.39","-15.84","108.71","NaN","NaN","NaN","NaN","NaN","NaN"
"2001-04-04T01:00:00",60,"GTF","288.05","43.62","6.19","53.61","20.62","36.39","-15.84","108.47","NaN","NaN","NaN","NaN","NaN","NaN"
"2001-04-05T01:00:00",60,"GTF","288.05","43.62","6.19","53.61","20.62","36.39","-15.84","108.22","NaN","NaN","NaN","NaN","NaN","NaN"
"2001-04-06T01:00:00",60,"GTF","288.05","43.62","6.19","53.61","20.63","36.39","-15.84","107.98","NaN","NaN","NaN","NaN","NaN","NaN"
"2001-04-07T01:00:00",60,"GTF","288.05","43.62","6.19","53.61","20.64","36.39","-15.84","107.73","NaN","NaN","NaN","NaN","NaN","NaN"
"2001-04-08T01:00:00",60,"GTF","288.05","43.62","6.19","53.61","20.65","36.39","-15.84","107.49","NaN","NaN","NaN","NaN","NaN","NaN"
"2001-04-09T01:00:00",60,"GTF","288.05","43.62","6.19","53.61","20.66","36.39","-15.84","107.25","NaN","NaN","NaN","NaN","NaN","NaN"
"2001-04-10T01:00:00",60,"GTF","288.05","43.62","6.19","53.61","20.66","36.39","-15.84","107.00","NaN","NaN","NaN","NaN","NaN","NaN"
"2001-04-11T01:00:00",60,"GTF","288.05","43.62","6.19","53.61","20.67","36.39","-15.84","106.76","NaN","NaN","NaN","NaN","NaN","NaN"
"2001-04-12T01:00:00",60,"GTF","288.05","43.62","6.19","53.61","20.68","36.39","-15.84","106.52","NaN","NaN","NaN","NaN","NaN","NaN"
"2001-04-13T01:00:00",60,"GTF","288.05","43.62","6.19","53.61","20.69","36.39","-15.84","106.28","NaN","NaN","NaN","NaN","NaN","NaN"
"2001-04-14T01:00:00",60,"GTF","288.05","43.62","6.19","53.61","20.69","36.39","-15.84","106.04","NaN","NaN","NaN","NaN","NaN","NaN"
"2001-04-15T01:00:00",60,"GTF","288.05","43.62","6.19","53.61","20.70","36.39","-15.84","105.80","NaN","NaN","NaN","NaN","NaN","NaN"
"2001-04-16T01:00:00",60,"GTF","288.05","43.62","6.19","53.61","20.71","36.39","-15.84","105.56","NaN","NaN","NaN","NaN","NaN","NaN"
"2001-04-17T01:00:00",60,"GTF","288.05","43.62","6.19","53.61","20.72","36.39","-15.84","105.32","NaN","NaN","NaN","NaN","NaN","NaN"
"2001-04-18T01:00:00",60,"GTF","288.05","43.62","6.19","53.61","20.72","36.39","-15.84","105.08","NaN","NaN","NaN","NaN","NaN","NaN"
"2001-04-19T01:00:00",60,"GTF","288.05","43.62","6.19","53.61","20.73","36.39","-15.84","104.85","NaN","NaN","NaN","NaN","NaN","NaN"
"2001-04-20T01:00:00",60,"GTF","288.05","43.62","6.19","53.61","20.73","36.39","-15.84","104.61","NaN","NaN","NaN","NaN","NaN","NaN"
"2001-04-21T01:00:00",60,"GTF","288.05","43.62","6.19","53.61","20.74","36.39","-15.84","104.38","NaN","NaN","NaN","NaN","NaN","NaN"
"2001-04-22T01:00:00",60,"GTF","288.05","43.62","6.19","53.61","20.75","36.39","-15.84","104.14","NaN","NaN","NaN","NaN","NaN","NaN"
"2001-04-23T01:00:00",60,"GTF","288.05","43.62","6.19","53.61","20.75","36.39","-15.84","103.91","NaN","NaN","NaN","NaN","NaN","NaN"
"2001-04-24T01:00:00",60,"GTF","288.05","43.62","6.19","53.61","20.76","36.39","-15.84","103.68","NaN","NaN","NaN","NaN","NaN","NaN"
"2001-04-25T01:00:00",60,"GTF","288.05","43.62","6.19","53.61","20.76","36.39","-15.84","103.45","NaN","NaN","NaN","NaN","NaN","NaN"
"2001-04-26T01:00:00",60,"GTF","288.05","43.62","6.19","53.61","20.77","36.39","-15.84","103.22","NaN","NaN","NaN","NaN","NaN","NaN"
"2001-04-27T01:00:00",60,"GTF","288.05","43.62","6.19","53.61","20.77","36.39","-15.84","102.99","NaN","NaN","NaN","NaN","NaN","NaN"
"2001-04-28T01:00:00",60,"GTF","288.05","43.62","6.19","53.61","20.78","36.39","-15.84","102.76","NaN","NaN","NaN","NaN","NaN","NaN"
"2001-04-29T01:00:00",60,"GTF","288.05","43.62","6.19","53.61","20.78","36.39","-15.84","102.54","NaN","NaN","NaN","NaN","NaN","NaN"
"2001-04-30T01:00:00",60,"GTF","288.05","43.62","6.19","53.61","20.79","36.39","-15.84","102.32","NaN","NaN","NaN","NaN","NaN","NaN"
"2001-05-01T01:00:00",60,"GTF","288.05","43.62","6.19","53.61","20.79","36.39","-15.84","102.09","NaN","NaN","NaN","NaN","NaN","NaN"
"2001-05-02T01:00:00",60,"GTF","288.05","43.62","6.19","53.61","20.79","36.39","-15.84","101.88","NaN","NaN","NaN","NaN","NaN","NaN"
"2001-05-03T01:00:00",60,"GTF","288.05","43.62","6.19","53.61","20.80","36.39","-15.84","101.66","NaN","NaN","NaN","NaN","NaN","NaN"
"2001-05-04T01:00:00",60,"GTF","288.05","43.62","6.19","53.61","20.80","36.39","-15.84","101.44","NaN","NaN","NaN","NaN","NaN","NaN"
"2001-05-05T01:00:00",60,"GTF","288.05","43.62","6.19","53.61","20.80","36.39","-15.84","101.23","NaN","NaN","NaN","NaN","NaN","NaN"
"2001-05-06T01:00:00",60,"GTF","288.05","43.62","6.19","53.61","20.81","36.39","-15.84","101.01","NaN","NaN","NaN","NaN","NaN","NaN"
"2001-05-07T01:00:00",60,"GTF","288.05","43.62","6.19","53.61","20.81","36.39","-15.84","100.80","NaN","NaN","NaN","NaN","NaN","NaN"
"2001-05-08T01:00:00",60,"GTF","288.05","43.62","6.19","53.61","20.81","36.39","-15.84","100.60","NaN","NaN","NaN","NaN","NaN","NaN"
"2001-05-09T01:00:00",60,"GTF","288.05","43.62","6.19","53.61","20.82","36.39","-15.84","100.39","NaN","NaN","NaN","NaN","NaN","NaN"
"2001-05-10T01:00:00",60,"GTF","288.05","43.62","6.19","53.61","20.82","36.39","-15.84","100.19","NaN","NaN","NaN","NaN","NaN","NaN"
"2001-05-11T01:00:00",60,"GTF","288.05","43.62","6.19","53.61","20.82","36.39","-15.84","99.99","NaN","NaN","NaN","NaN","NaN","NaN"
"2001-05-12T01:00:00",60,"GTF","288.05","43.62","6.19","53.61","20.82","36.39","-15.83","99.79","NaN","NaN","NaN","NaN","NaN","NaN"
"2001-05-13T01:00:00",60,"GTF","288.05","43.62","6.19","53.61","20.82","36.39","-15.83","99.59","NaN","NaN","NaN","NaN","NaN","NaN"
"2001-05-14T01:00:00",60,"GTF","288.05","43.62","6.19","53.61","20.82","36.39","-15.83","99.40","NaN","NaN","NaN","NaN","NaN","NaN"
"2001-05-15T01:00:00",60,"GTF","288.05","43.62","6.19","53.61","20.83","36.39","-15.83","99.21","NaN","NaN","NaN","NaN","NaN","NaN"
"2001-05-16T01:00:00",60,"GTF","288.05","43.62","6.19","53.61","20.83","36.39","-15.83","99.02","NaN","NaN","NaN","NaN","NaN","NaN"
"2001-05-17T01:00:00",60,"GTF","288.05","43.62","6.19","53.61","20.83","36.39","-15.83","98.84","NaN","NaN","NaN","NaN","NaN","NaN"
"2001-05-18T01:00:00",60,"GTF","288.05","43.62","6.19","53.61","20.83","36.39","-15.83","98.65","NaN","NaN","NaN","NaN","NaN","NaN"
"2001-05-19T01:00:00",60,"GTF","288.05","43.62","6.19","53.61","20.83","36.39","-15.83","98.48","NaN","NaN","NaN","NaN","NaN","NaN"
"2001-05-20T01:00:00",60,"GTF","288.05","43.62","6.19","53.61","20.83","36.39","-15.83","98.30","NaN","NaN","NaN","NaN","NaN","NaN"
"2001-05-21T01:00:00",60,"GTF","288.05","43.62","6.19","53.61","20.83","36.39","-15.83","98.13","NaN","NaN","NaN","NaN","NaN","NaN"
"2001-05-22T01:00:00",60,"GTF","288.05","43.62","6.19","53.60","20.83","36.40","-15.83","97.96","NaN","NaN","NaN","NaN","NaN","NaN"
"2001-05-23T01:00:00",60,"GTF","288.05","43.62","6.19","53.60","20.83","36.40","-15.83","97.79","NaN","NaN","NaN","NaN","NaN","NaN"
"2001-05-24T01:00:00",60,"GTF","288.05","43.62","6.19","53.60","20.83","36.40","-15.83","97.63","NaN","NaN","NaN","NaN","NaN","NaN"
"2001-05-25T01:00:00",60,"GTF","288.05","43.62","6.19","53.60","20.83","36.40","-15.83","97.47","NaN","NaN","NaN","NaN","NaN","NaN"
"2001-05-26T01:00:00",60,"GTF","288.05","43.62","6.19","53.60","20.83","36.40","-15.83","97.32","NaN","NaN","NaN","NaN","NaN","NaN"
"2001-05-27T01:00:00",60,"GTF","288.05","43.62","6.19","53.60","20.83","36.40","-15.83","97.16","NaN","NaN","NaN","NaN","NaN","NaN"
"2001-05-28T01:00:00",60,"GTF","288.05","43.62","6.19","53.60","20.83","36.40","-15.83","97.02","NaN","NaN","NaN","NaN","NaN","NaN"
"2001-05-29T01:00:00",60,"GTF","288.05","43.62","6.20","53.60","20.82","36.40","-15.83","96.87","NaN","NaN","NaN","NaN","NaN","NaN"
"2001-05-30T01:00:00",60,"GTF","288.05","43.62","6.20","53.60","20.82","36.40","-15.83","96.73","NaN","NaN","NaN","NaN","NaN","NaN"
"2001-05-31T01:00:00",60,"GTF","288.05","43.62","6.20","53.60","20.82","36.40","-15.83","96.60","NaN","NaN","NaN","NaN","NaN","NaN"
"2001-06-01T01:00:00",60,"GTF","288.05","43.62","6.20","53.60","20.82","36.40","-15.83","96.47","NaN","NaN","NaN","NaN","NaN","NaN"
"2001-06-02T01:00:00",60,"GTF","288.05","43.62","6.20","53.60","20.82","36.40","-15.83","96.34","NaN","NaN","NaN","NaN","NaN","NaN"
"2001-06-03T01:00:00",60,"GTF","288.05","43.62","6.20","53.60","20.82","36.40","-15.83","96.21","NaN","NaN","NaN","NaN","NaN","NaN"
"2001-06-04T01:00:00",60,"GTF","288.05","43.62","6.20","53.60","20.81","36.40","-15.83","96.10","NaN","NaN","NaN","NaN","NaN","NaN"
"2001-06-05T01:00:00",60,"GTF","288.05","43.62","6.20","53.60","20.81","36.40","-15.83","95.98","NaN","NaN","NaN","NaN","NaN","NaN"
"2001-06-06T01:00:00",60,"GTF","288.05","43.62","6.20","53.60","20.81","36.40","-15.83","95.87","NaN","NaN","NaN","NaN","NaN","NaN"
"2001-06-07T01:00:00",60,"GTF","288.05","43.62","6.20","53.60","20.81","36.40","-15.83","95.77","NaN","NaN","NaN","NaN","NaN","NaN"
"2001-06-08T01:00:00",60,"GTF","288.05","43.62","6.20","53.60","20.81","36.40","-15.83","95.66","NaN","NaN","NaN","NaN","NaN","NaN"
"2001-06-09T01:00:00",60,"GTF","288.05","43.62","6.20","53.60","20.80","36.40","-15.83","95.57","NaN","NaN","NaN","NaN","NaN","NaN"
"2001-06-10T01:00:00",60,"GTF","288.05","43.62","6.20","53.60","20.80","36.40","-15.83","95.48","NaN","NaN","NaN","NaN","NaN","NaN"
"2001-06-11T01:00:00",60,"GTF","288.05","43.62","6.20","53.60","20.80","36.40","-15.83","95.39","NaN","NaN","NaN","NaN","NaN","NaN"
"2001-06-12T01:00:00",60,"GTF","288.05","43.62","6.20","53.60","20.79","36.40","-15.83","95.31","NaN","NaN","NaN","NaN","NaN","NaN"
"2001-06-13T01:00:00",60,"GTF","288.05","43.62","6.20","53.60","20.79","36.40","-15.83","95.23","NaN","NaN","NaN","NaN","NaN","NaN"
"2001-06-14T01:00:00",60,"GTF","288.05","43.62","6.20","53.60","20.79","36.40","-15.83","95.16","NaN","NaN","NaN","NaN","NaN","NaN"
"2001-06-15T01:00:00",60,"GTF","288.05","43.62","6.20","53.60","20.79","36.40","-15.83","95.09","NaN","NaN","NaN","NaN","NaN","NaN"
"2001-06-16T01:00:00",60,"GTF","288.05","43.62","6.20","53.60","20.78","36.40","-15.83","95.03","NaN","NaN","NaN","NaN","NaN","NaN"
"2001-06-17T01:00:00",60,"GTF","288.05","43.62","6.20","53.60","20.78","36.40","-15.83","94.98","NaN","NaN","NaN","NaN","NaN","NaN"
"2001-06-18T01:00:00",60,"GTF","288.05","43.62","6.20","53.60","20.78","36.40","-15.83","94.92","NaN","NaN","NaN","NaN","NaN","NaN"
"2001-06-19T01:00:00",60,"GTF","288.05","43.62","6.20","53.60","20.77","36.40","-15.83","94.88","NaN","NaN","NaN","NaN","NaN","NaN"
"2001-06-20T01:00:00",60,"GTF","288.05","43.62","6.20","53.60","20.77","36.40","-15.83","94.84","NaN","NaN","NaN","NaN","NaN","NaN"
"2001-06-21T01:00:00",60,"GTF","288.05","43.62","6.20","53.60","20.77","36.40","-15.83","94.80","NaN","NaN","NaN","NaN","NaN","NaN"
"2001-06-22T01:00:00",60,"GTF","288.05","43.62","6.20","53.60","20.76","36.40","-15.83","94.77","NaN","NaN","NaN","NaN","NaN","NaN"
"2001-06-23T01:00:00",60,"GTF","288.05","43.62","6.20","53.60","20.76","36.40","-15.83","94.75","NaN","NaN","NaN","NaN","NaN","NaN"
"2001-06-24T01:00:00",60,"GTF","288.05","43.62","6.20","53.60","20.76","36.40","-15.83","94.73","NaN","NaN","NaN","NaN","NaN","NaN"
"2001-06-25T01:00:00",60,"GTF","288.05","43.62","6.20","53.60","20.75","36.40","-15.83","94.72","NaN","NaN","NaN","NaN","NaN","NaN"
"2001-06-26T01:00:00",60,"GTF","288.05","43.62","6.20","53.60","20.75","36.40","-15.83","94.71","NaN","NaN","NaN","NaN","NaN","NaN"
"2001-06-27T01:00:00",60,"GTF","288.05","43.62","6.20","53.60","20.75","36.40","-15.83","94.71","NaN","NaN","NaN","NaN","NaN","NaN"
"2001-06-28T01:00:00",60,"GTF","288.05","43.62","6.20","53.60","20.74","36.40","-15.83","94.72","NaN","NaN","NaN","NaN","NaN","NaN"
"2001-06-29T01:00:00",60,"GTF","288.05","43.62","6.20","53.60","20.74","36.40","-15.83","94.73","NaN","NaN","NaN","NaN","NaN","NaN"
"2001-06-30T01:00:00",60,"GTF","288.05","43.62","6.20","53.60","20.74","36.40","-15.83","94.74","NaN","NaN","NaN","NaN","NaN","NaN"
"2001-07-01T01:00:00",60,"GTF","288.05","43.62","6.20","53.60","20.73","36.40","-15.83","94.77","NaN","NaN","NaN","NaN","NaN","NaN"
"2001-07-02T01:00:00",60,"GTF","288.05","43.62","6.20","53.60","20.73","36.40","-15.83","94.79","NaN","NaN","NaN","NaN","NaN","NaN"
"2001-07-03T01:00:00",60,"GTF","288.05","43.62","6.20","53.60","20.73","36.40","-15.83","94.83","NaN","NaN","NaN","NaN","NaN","NaN"
"2001-07-04T01:00:00",60,"GTF","288.05","43.62","6.20","53.60","20.72","36.40","-15.83","94.87","NaN","NaN","NaN","NaN","NaN","NaN"
"2001-07-05T01:00:00",60,"GTF","288.05","43.62","6.20","53.60","20.72","36.40","-15.83","94.91","NaN","NaN","NaN","NaN","NaN","NaN"
"2001-07-06T01:00:00",60,"GTF","288.05","43.62","6.20","53.60","20.72","36.40","-15.83","94.96","NaN","NaN","NaN","NaN","NaN","NaN"
"2001-07-07T01:00:00",60,"GTF","288.05","43.62","6.20","53.60","20.71","36.40","-15.83","95.02","NaN","NaN","NaN","NaN","NaN","NaN"
"2001-07-08T01:00:00",60,"GTF","288.05","43.62","6.20","53.60","20.71","36.40","-15.83","95.08","NaN","NaN","NaN","NaN","NaN","NaN"
"2001-07-09T01:00:00",60,"GTF","288.05","43.62","6.20","53.60","20.71","36.40","-15.83","95.15","NaN","NaN","NaN","NaN","NaN","NaN"
"2001-07-10T01:00:00",60,"GTF","288.05","43.62","6.20","53.60","20.71","36.40","-15.82","95.23","NaN","NaN","NaN","NaN","NaN","NaN"
"2001-07-11T01:00:00",60,"GTF","288.05","43.62","6.20","53.60","20.70","36.40","-15.82","95.31","NaN","NaN","NaN","NaN","NaN","NaN"
"2001-07-12T01:00:00",60,"GTF","288.05","43.62","6.20","53.60","20.70","36.40","-15.82","95.40","NaN","NaN","NaN","NaN","NaN","NaN"
"2001-07-13T01:00:00",60,"GTF","288.05","43.62","6.20","53.60","20.70","36.40","-15.82","95.49","NaN","NaN","NaN","NaN","NaN","NaN"
"2001-07-14T01:00:00",60,"GTF","288.05","43.62","6.20","53.59","20.69","36.41","-15.82","95.59","NaN","NaN","NaN","NaN","NaN","NaN"
"2001-07-15T01:00:00",60,"GTF","288.05","43.62","6.20","53.59","20.69","36.41","-15.82","95.70","NaN","NaN","NaN","NaN","NaN","NaN"
"2001-07-16T01:00:00",60,"GTF","288.05","43.62","6.20","53.59","20.69","36.41","-15.82","95.81","NaN","NaN","NaN","NaN","NaN","NaN"
"2001-07-17T01:00:00",60,"GTF","288.05","43.62","6.20","53.59","20.69","36.41","-15.82","95.92","NaN","NaN","NaN","NaN","NaN","NaN"
"2001-07-18T01:00:00",60,"GTF","288.05","43.62","6.20","53.59","20.68","36.41","-15.82","96.05","NaN","NaN","NaN","NaN","NaN","NaN"
"2001-07-19T01:00:00",60,"GTF","288.05","43.62","6.20","53.59","20.68","36.41","-15.82","96.18","NaN","NaN","NaN","NaN","NaN","NaN"
"2001-07-20T01:00:00",60,"GTF","288.05","43.62","6.20","53.59","20.68","36.41","-15.82","96.31","NaN","NaN","NaN","NaN","NaN","NaN"
"2001-07-21T01:00:00",60,"GTF","288.05","43.62","6.20","53.59","20.68","36.41","-15.82","96.45","NaN","NaN","NaN","NaN","NaN","NaN"
"2001-07-22T01:00:00",60,"GTF","288.05","43.62","6.20","53.59","20.68","36.41","-15.82","96.60","NaN","NaN","NaN","NaN","NaN","NaN"
"2001-07-23T01:00:00",60,"GTF","288.05","43.62","6.20","53.59","20.68","36.41","-15.82","96.75","NaN","NaN","NaN","NaN","NaN","NaN"
"2001-07-24T01:00:00",60,"GTF","288.05","43.62","6.20","53.59","20.67","36.41","-15.82","96.91","NaN","NaN","NaN","NaN","NaN","NaN"
"2001-07-25T01:00:00",60,"GTF","288.05","43.62","6.20","53.59","20.67","36.41","-15.82","97.07","NaN","NaN","NaN","NaN","NaN","NaN"
"2001-07-26T01:00:00",60,"GTF","288.05","43.62","6.20","53.59","20.67","36.41","-15.82","97.24","NaN","NaN","NaN","NaN","NaN","NaN"
"2001-07-27T01:00:00",60,"GTF","288.05","43.62","6.20","53.59","20.67","36.41","-15.82","97.42","NaN","NaN","NaN","NaN","NaN","NaN"
"2001-07-28T01:00:00",60,"GTF","288.05","43.62","6.20","53.59","20.67","36.41","-15.82","97.60","NaN","NaN","NaN","NaN","NaN","NaN"
"2001-07-29T01:00:00",60,"GTF","288.05","43.62","6.20","53.59","20.67","36.41","-15.82","97.78","NaN","NaN","NaN","NaN","NaN","NaN"
"2001-07-30T01:00:00",60,"GTF","288.05","43.62","6.20","53.59","20.67","36.41","-15.82","97.98","NaN","NaN","NaN","NaN","NaN","NaN"
"2001-07-31T01:00:00",60,"GTF","288.05","43.62","6.20","53.59","20.67","36.41","-15.82","98.17","NaN","NaN","NaN","NaN","NaN","NaN"
"2001-08-01T01:00:00",60,"GTF","288.05","43.62","6.20","53.59","20.66","36.41","-15.82","98.37","NaN","NaN","NaN","NaN","NaN","NaN"
"2001-08-02T01:00:00",60,"GTF","288.05","43.62","6.21","53.59","20.66","36.41","-15.82","98.58","NaN","NaN","NaN","NaN","NaN","NaN"
"2001-08-03T01:00:00",60,"GTF","288.05","43.62","6.21","53.59","20.66","36.41","-15.82","98.79","NaN","NaN","NaN","NaN","NaN","NaN"
"2001-08-04T01:00:00",60,"GTF","288.05","43.62","6.21","53.59","20.66","36.41","-15.82","99.01","NaN","NaN","NaN","NaN","NaN","NaN"
"2001-08-05T01:00:00",60,"GTF","288.05","43.62","6.21","53.59","20.66","36.41","-15.82","99.24","NaN","NaN","NaN","NaN","NaN","NaN"
"2001-08-06T01:00:00",60,"GTF","288.05","43.62","6.21","53.59","20.66","36.41","-15.82","99.46","NaN","NaN","NaN","NaN","NaN","NaN"
"2001-08-07T01:00:00",60,"GTF","288.05","43.62","6.21","53.59","20.66","36.41","-15.82","99.70","NaN","NaN","NaN","NaN","NaN","NaN"
"2001-08-08T01:00:00",60,"GTF","288.05","43.62","6.21","53.59","20.66","36.41","-15.82","99.94","NaN","NaN","NaN","NaN","NaN","NaN"
"2001-08-09T01:00:00",60,"GTF","288.05","43.62","6.21","53.59","20.66","36.41","-15.82","100.18","NaN","NaN","NaN","NaN","NaN","NaN"
"2001-08-10T01:00:00",60,"GTF","288.05","43.62","6.21","53.59","20.66","36.41","-15.82","100.43","NaN","NaN","NaN","NaN","NaN","NaN"
"2001-08-11T01:00:00",60,"GTF","288.05","43.62","6.21","53.59","20.66","36.41","-15.82","100.68","NaN","NaN","NaN","NaN","NaN","NaN"
"2001-08-12T01:00:00",60,"GTF","288.05","43.62","6.21","53.59","20.66","36.41","-15.82","100.94","NaN","NaN","NaN","NaN","NaN","NaN"
"2001-08-13T01:00:00",60,"GTF","288.05","43.62","6.21","53.59","20.66","36.41","-15.82","101.20","NaN","NaN","NaN","NaN","NaN","NaN"
"2001-08-14T01:00:00",60,"GTF","288.05","43.62","6.21","53.59","20.66","36.41","-15.82","101.46","NaN","NaN","NaN","NaN","NaN","NaN"
"2001-08-15T01:00:00",60,"GTF","288.05","43.62","6.21","53.59","20.67","36.41","-15.82","101.73","NaN","NaN","NaN","NaN","NaN","NaN"
"2001-08-16T01:00:00",60,"GTF","288.05","43.62","6.21","53.59","20.67","36.41","-15.82","102.01","NaN","NaN","NaN","NaN","NaN","NaN"
"2001-08-17T01:00:00",60,"GTF","288.05","43.62","6.21","53.59","20.67","36.41","-15.82","102.29","NaN","NaN","NaN","NaN","NaN","NaN"
"2001-08-18T01:00:00",60,"GTF","288.05","43.62","6.21","53.59","20.67","36.41","-15.82","102.57","NaN","NaN","NaN","NaN","NaN","NaN"
"2001-08-19T01:00:00",60,"GTF","288.05","43.62","6.21","53.59","20.67","36.41","-15.82","102.85","NaN","NaN","NaN","NaN","NaN","NaN"
"2001-08-20T01:00:00",60,"GTF","288.05","43.62","6.21","53.59","20.67","36.41","-15.82","103.15","NaN","NaN","NaN","NaN","NaN","NaN"
"2001-08-21T01:00:00",60,"GTF","288.05","43.62","6.21","53.59","20.67","36.41","-15.82","103.44","NaN","NaN","NaN","NaN","NaN","NaN"
"2001-08-22T01:00:00",60,"GTF","288.05","43.62","6.21","53.59","20.67","36.41","-15.82","103.74","NaN","NaN","NaN","NaN","NaN","NaN"
"2001-08-23T01:00:00",60,"GTF","288.05","43.62","6.21","53.59","20.67","36.41","-15.82","104.04","NaN","NaN","NaN","NaN","NaN","NaN"
"2001-08-24T01:00:00",60,"GTF","288.05","43.62","6.21","53.59","20.68","36.41","-15.82","104.34","NaN","NaN","NaN","NaN","NaN","NaN"
"2001-08-25T01:00:00",60,"GTF","288.05","43.62","6.21","53.59","20.68","36.41","-15.82","104.65","NaN","NaN","NaN","NaN","NaN","NaN"
"2001-08-26T01:00:00",60,"GTF","288.05","43.62","6.21","53.59","20.68","36.41","-15.82","104.96","NaN","NaN","NaN","NaN","NaN","NaN"
"2001-08-27T01:00:00",60,"GTF","288.05","43.62","6.21","53.59","20.68","36.41","-15.82","105.28","NaN","NaN","NaN","NaN","NaN","NaN"
"2001-08-28T01:00:00",60,"GTF","288.05","43.62","6.21","53.59","20.68","36.41","-15.82","105.59","NaN","NaN","NaN","NaN","NaN","NaN"
"2001-08-29T01:00:00",60,"GTF","288.05","43.62","6.21","53.59","20.68","36.41","-15.82","105.92","NaN","NaN","NaN","NaN","NaN","NaN"
"2001-08-30T01:00:00",60,"GTF","288.05","43.62","6.21","53.59","20.69","36.41","-15.82","106.24","NaN","NaN","NaN","NaN","NaN","NaN"
"2001-08-31T01:00:00",60,"GTF","288.05","43.62","6.21","53.59","20.69","36.41","-15.82","106.56","NaN","NaN","NaN","NaN","NaN","NaN"
"2001-09-01T01:00:00",60,"GTF","288.05","43.62","6.21","53.59","20.69","36.41","-15.82","106.89","NaN","NaN","NaN","NaN","NaN","NaN"
"2001-09-02T01:00:00",60,"GTF","288.05","43.62","6.21","53.59","20.69","36.41","-15.82","107.22","NaN","NaN","NaN","NaN","NaN","NaN"
"2001-09-03T01:00:00",60,"GTF","288.05","43.62","6.21","53.59","20.69","36.41","-15.82","107.56","NaN","NaN","NaN","NaN","NaN","NaN"
"2001-09-04T01:00:00",60,"GTF","288.05","43.62","6.21","53.58","20.70","36.42","-15.82","107.89","NaN","NaN","NaN","NaN","NaN","NaN"
"2001-09-05T01:00:00",60,"GTF","288.05","43.62","6.21","53.58","20.70","36.42","-15.82","108.23","NaN","NaN","NaN","NaN","NaN","NaN"
"2001-09-06T01:00:00",60,"GTF","288.05","43.62","6.21","53.58","20.70","36.42","-15.82","108.57","NaN","NaN","NaN","NaN","NaN","NaN"
"2001-09-07T01:00:00",60,"GTF","288.05","43.62","6.21","53.58","20.70","36.42","-15.81","108.91","NaN","NaN","NaN","NaN","NaN","NaN"
"2001-09-08T01:00:00",60,"GTF","288.05","43.62","6.21","53.58","20.70","36.42","-15.81","109.25","NaN","NaN","NaN","NaN","NaN","NaN"
"2001-09-09T01:00:00",60,"GTF","288.05","43.62","6.21","53.58","20.71","36.42","-15.81","109.60","NaN","NaN","NaN","NaN","NaN","NaN"
"2001-09-10T01:00:00",60,"GTF","288.05","43.62","6.21","53.58","20.71","36.42","-15.81","109.94","NaN","NaN","NaN","NaN","NaN","NaN"
"2001-09-11T01:00:00",60,"GTF","288.05","43.62","6.21","53.58","20.71","36.42","-15.81","110.29","NaN","NaN","NaN","NaN","NaN","NaN"
"2001-09-12T01:00:00",60,"GTF","288.05","43.62","6.21","53.58","20.71","36.42","-15.81","110.64","NaN","NaN","NaN","NaN","NaN","NaN"
"2001-09-13T01:00:00",60,"GTF","288.05","43.62","6.21","53.58","20.72","36.42","-15.81","110.99","NaN","NaN","NaN","NaN","NaN","NaN"
"2001-09-14T01:00:00",60,"GTF","288.05","43.62","6.21","53.58","20.72","36.42","-15.81","111.34","NaN","NaN","NaN","NaN","NaN","NaN"
"2001-09-15T01:00:00",60,"GTF","288.05","43.62","6.21","53.58","20.72","36.42","-15.81","111.69","NaN","NaN","NaN","NaN","NaN","NaN"
"2001-09-16T01:00:00",60,"GTF","288.05","43.62","6.21","53.58","20.72","36.42","-15.81","112.04","NaN","NaN","NaN","NaN","NaN","NaN"
"2001-09-17T01:00:00",60,"GTF","288.05","43.62","6.21","53.58","20.72","36.42","-15.81","112.39","NaN","NaN","NaN","NaN","NaN","NaN"
"2001-09-18T01:00:00",60,"GTF","288.05","43.62","6.21","53.58","20.73","36.42","-15.81","112.75","NaN","NaN","NaN","NaN","NaN","NaN"
"2001-09-19T01:00:00",60,"GTF","288.05","43.62","6.21","53.58","20.73","36.42","-15.81","113.10","NaN","NaN","NaN","NaN","NaN","NaN"
"2001-09-20T01:00:00",60,"GTF","288.05","43.62","6.21","53.58","20.73","36.42","-15.81","113.45","NaN","NaN","NaN","NaN","NaN","NaN"
"2001-09-21T01:00:00",60,"GTF","288.05","43.62","6.21","53.58","20.73","36.42","-15.81","113.80","NaN","NaN","NaN","NaN","NaN","NaN"
"2001-09-22T01:00:00",60,"GTF","288.05","43.62","6.21","53.58","20.73","36.42","-15.81","114.16","NaN","NaN","NaN","NaN","NaN","NaN"
"2001-09-23T01:00:00",60,"GTF","288.05","43.62","6.21","53.58","20.74","36.42","-15.81","114.51","NaN","NaN","NaN","NaN","NaN","NaN"
"2001-09-24T01:00:00",60,"GTF","288.05","43.62","6.21","53.58","20.74","36.42","-15.81","114.86","NaN","NaN","NaN","NaN","NaN","NaN"
"2001-09-25T01:00:00",60,"GTF","288.05","43.62","6.21","53.58","20.74","36.42","-15.81","115.21","NaN","NaN","NaN","NaN","NaN","NaN"
"2001-09-26T01:00:00",60,"GTF","288.05","43.62","6.21","53.58","20.74","36.42","-15.81","115.56","NaN","NaN","NaN","NaN","NaN","NaN"
"2001-09-27T01:00:00",60,"GTF","288.05","43.62","6.21","53.58","20.74","36.42","-15.81","115.91","NaN","NaN","NaN","NaN","NaN","NaN"
"2001-09-28T01:00:00",60,"GTF","288.05","43.62","6.21","53.58","20.75","36.42","-15.81","116.26","NaN","NaN","NaN","NaN","NaN","NaN"
"2001-09-29T01:00:00",60,"GTF","288.05","43.62","6.21","53.58","20.75","36.42","-15.81","116.61","NaN","NaN","NaN","NaN","NaN","NaN"
"2001-09-30T01:00:00",60,"GTF","288.05","43.62","6.21","53.58","20.75","36.42","-15.81","116.96","NaN","NaN","NaN","NaN","NaN","NaN"
"2001-10-01T01:00:00",60,"GTF","288.05","43.62","6.21","53.58","20.75","36.42","-15.81","117.30","NaN","NaN","NaN","NaN","NaN","NaN"
"2001-10-02T01:00:00",60,"GTF","288.05","43.62","6.21","53.58","20.75","36.42","-15.81","117.64","NaN","NaN","NaN","NaN","NaN","NaN"
"2001-10-03T01:00:00",60,"GTF","288.05","43.62","6.21","53.58","20.75","36.42","-15.81","117.99","NaN","NaN","NaN","NaN","NaN","NaN"
"2001-10-04T01:00:00",60,"GTF","288.05","43.62","6.21","53.58","20.75","36.42","-15.81","118.33","NaN","NaN","NaN","NaN","NaN","NaN"
"2001-10-05T01:00:00",60,"GTF","288.05","43.62","6.21","53.58","20.75","36.42","-15.81","118.66","NaN","NaN","NaN","NaN","NaN","NaN"
"2001-10-06T01:00:00",60,"GTF","288.05","43.62","6.21","53.58","20.76","36.42","-15.81","119.00","NaN","NaN","NaN","NaN","NaN","NaN"
"2001-10-07T01:00:00",60,"GTF","288.05","43.62","6.22","53.58","20.76","36.42","-15.81","119.33","NaN","NaN","NaN","NaN","NaN","NaN"
"2001-10-08T01:00:00",60,"GTF","288.05","43.62","6.22","53.58","20.76","36.42","-15.81","119.66","NaN","NaN","NaN","NaN","NaN","NaN"
"2001-10-09T01:00:00",60,"GTF","288.05","43.62","6.22","53.58","20.76","36.42","-15.81","119.99","NaN","NaN","NaN","NaN","NaN","NaN"
"2001-10-10T01:00:00",60,"GTF","288.05","43.62","6.22","53.58","20.76","36.42","-15.81","120.32","NaN","NaN","NaN","NaN","NaN","NaN"
"2001-10-11T01:00:00",60,"GTF","288.05","43.62","6.22","53.58","20.76","36.42","-15.81","120.64","NaN","NaN","NaN","NaN","NaN","NaN"
"2001-10-12T01:00:00",60,"GTF","288.05","43.62","6.22","53.58","20.76","36.42","-15.81","120.96","NaN","NaN","NaN","NaN","NaN","NaN"
"2001-10-13T01:00:00",60,"GTF","288.05","43.62","6.22","53.58","20.76","36.42","-15.81","121.28","NaN","NaN","NaN","NaN","NaN","NaN"
"2001-10-14T01:00:00",60,"GTF","288.05","43.62","6.22","53.58","20.76","36.42","-15.81","121.59","NaN","NaN","NaN","NaN","NaN","NaN"
"2001-10-15T01:00:00",60,"GTF","288.05","43.62","6.22","53.58","20.76","36.42","-15.81","121.90","NaN","NaN","NaN","NaN","NaN","NaN"
"2001-10-16T01:00:00",60,"GTF","288.05","43.62","6.22","53.58","20.76","36.42","-15.81","122.20","NaN","NaN","NaN","NaN","NaN","NaN"
"2001-10-17T01:00:00",60,"GTF","288.05","43.62","6.22","53.58","20.76","36.42","-15.81","122.51","NaN","NaN","NaN","NaN","NaN","NaN"
"2001-10-18T01:00:00",60,"GTF","288.05","43.62","6.22","53.58","20.76","36.42","-15.81","122.80","NaN","NaN","NaN","NaN","NaN","NaN"
"2001-10-19T01:00:00",60,"GTF","288.05","43.62","6.22","53.58","20.76","36.42","-15.81","123.10","NaN","NaN","NaN","NaN","NaN","NaN"
"2001-10-20T01:00:00",60,"GTF","288.05","43.62","6.22","53.58","20.76","36.42","-15.81","123.39","NaN","NaN","NaN","NaN","NaN","NaN"
"2001-10-21T01:00:00",60,"GTF","288.05","43.62","6.22","53.58","20.76","36.42","-15.81","123.68","NaN","NaN","NaN","NaN","NaN","NaN"
"2001-10-22T01:00:00",60,"GTF","288.05","43.62","6.22","53.58","20.76","36.42","-15.81","123.96","NaN","NaN","NaN","NaN","NaN","NaN"
"2001-10-23T01:00:00",60,"GTF","288.05","43.62","6.22","53.58","20.75","36.42","-15.81","124.23","NaN","NaN","NaN","NaN","NaN","NaN"
"2001-10-24T01:00:00",60,"GTF","288.05","43.62","6.22","53.58","20.75","36.42","-15.81","124.51","NaN","NaN","NaN","NaN","NaN","NaN"
"2001-10-25T01:00:00",60,"GTF","288.05","43.62","6.22","53.58","20.75","36.42","-15.81","124.77","NaN","NaN","NaN","NaN","NaN","NaN"
"2001-10-26T01:00:00",60,"GTF","288.05","43.62","6.22","53.58","20.75","36.42","-15.81","125.04","NaN","NaN","NaN","NaN","NaN","NaN"
"2001-10-27T01:00:00",60,"GTF","288.05","43.62","6.22","53.57","20.75","36.43","-15.81","125.30","NaN","NaN","NaN","NaN","NaN","NaN"
"2001-10-28T01:00:00",60,"GTF","288.05","43.62","6.22","53.57","20.75","36.43","-15.81","125.55","NaN","NaN","NaN","NaN","NaN","NaN"
"2001-10-29T01:00:00",60,"GTF","288.05","43.62","6.22","53.57","20.74","36.43","-15.81","125.80","NaN","NaN","NaN","NaN","NaN","NaN"
"2001-10-30T01:00:00",60,"GTF","288.05","43.62","6.22","53.57","20.74","36.43","-15.81","126.04","NaN","NaN","NaN","NaN","NaN","NaN"
"2001-10-31T01:00:00",60,"GTF","288.05","43.62","6.22","53.57","20.74","36.43","-15.81","126.28","NaN","NaN","NaN","NaN","NaN","NaN"
"2001-11-01T01:00:00",60,"GTF","288.05","43.62","6.22","53.57","20.73","36.43","-15.81","126.51","NaN","NaN","NaN","NaN","NaN","NaN"
"2001-11-02T01:00:00",60,"GTF","288.05","43.62","6.22","53.57","20.73","36.43","-15.81","126.73","NaN","NaN","NaN","NaN","NaN","NaN"
"2001-11-03T01:00:00",60,"GTF","288.05","43.62","6.22","53.57","20.73","36.43","-15.81","126.95","NaN","NaN","NaN","NaN","NaN","NaN"
"2001-11-04T01:00:00",60,"GTF","288.05","43.62","6.22","53.57","20.72","36.43","-15.81","127.17","NaN","NaN","NaN","NaN","NaN","NaN"
"2001-11-05T01:00:00",60,"GTF","288.05","43.62","6.22","53.57","20.72","36.43","-15.81","127.37","NaN","NaN","NaN","NaN","NaN","NaN"
"2001-11-06T01:00:00",60,"GTF","288.05","43.62","6.22","53.57","20.72","36.43","-15.80","127.58","NaN","NaN","NaN","NaN","NaN","NaN"
"2001-11-07T01:00:00",60,"GTF","288.05","43.62","6.22","53.57","20.71","36.43","-15.80","127.77","NaN","NaN","NaN","NaN","NaN","NaN"
"2001-11-08T01:00:00",60,"GTF","288.05","43.62","6.22","53.57","20.71","36.43","-15.80","127.96","NaN","NaN","NaN","NaN","NaN","NaN"
"2001-11-09T01:00:00",60,"GTF","288.05","43.62","6.22","53.57","20.70","36.43","-15.80","128.14","NaN","NaN","NaN","NaN","NaN","NaN"
"2001-11-10T01:00:00",60,"GTF","288.05","43.62","6.22","53.57","20.70","36.43","-15.80","128.32","NaN","NaN","NaN","NaN","NaN","NaN"
"2001-11-11T01:00:00",60,"GTF","288.05","43.62","6.22","53.57","20.69","36.43","-15.80","128.49","NaN","NaN","NaN","NaN","NaN","NaN"
"2001-11-12T01:00:00",60,"GTF","288.05","43.62","6.22","53.57","20.69","36.43","-15.80","128.66","NaN","NaN","NaN","NaN","NaN","NaN"
"2001-11-13T01:00:00",60,"GTF","288.05","43.62","6.22","53.57","20.68","36.43","-15.80","128.81","NaN","NaN","NaN","NaN","NaN","NaN"
"2001-11-14T01:00:00",60,"GTF","288.05","43.62","6.22","53.57","20.68","36.43","-15.80","128.96","NaN","NaN","NaN","NaN","NaN","NaN"
"2001-11-15T01:00:00",60,"GTF","288.05","43.62","6.22","53.57","20.67","36.43","-15.80","129.11","NaN","NaN","NaN","NaN","NaN","NaN"
"2001-11-16T01:00:00",60,"GTF","288.05","43.62","6.22","53.57","20.66","36.43","-15.80","129.25","NaN","NaN","NaN","NaN","NaN","NaN"
"2001-11-17T01:00:00",60,"GTF","288.05","43.62","6.22","53.57","20.66","36.43","-15.80","129.38","NaN","NaN","NaN","NaN","NaN","NaN"
"2001-11-18T01:00:00",60,"GTF","288.05","43.62","6.22","53.57","20.65","36.43","-15.80","129.50","NaN","NaN","NaN","NaN","NaN","NaN"
"2001-11-19T01:00:00",60,"GTF","288.05","43.62","6.22","53.57","20.64","36.43","-15.80","129.62","NaN","NaN","NaN","NaN","NaN","NaN"
"2001-11-20T01:00:00",60,"GTF","288.05","43.62","6.22","53.57","20.64","36.43","-15.80","129.73","NaN","NaN","NaN","NaN","NaN","NaN"
"2001-11-21T01:00:00",60,"GTF","288.05","43.62","6.22","53.57","20.63","36.43","-15.80","129.83","NaN","NaN","NaN","NaN","NaN","NaN"
"2001-11-22T01:00:00",60,"GTF","288.05","43.62","6.22","53.57","20.62","36.43","-15.80","129.93","NaN","NaN","NaN","NaN","NaN","NaN"
"2001-11-23T01:00:00",60,"GTF","288.05","43.62","6.22","53.57","20.61","36.43","-15.80","130.02","NaN","NaN","NaN","NaN","NaN","NaN"
"2001-11-24T01:00:00",60,"GTF","288.05","43.62","6.22","53.57","20.61","36.43","-15.80","130.11","NaN","NaN","NaN","NaN","NaN","NaN"
"2001-11-25T01:00:00",60,"GTF","288.05","43.62","6.22","53.57","20.60","36.43","-15.80","130.18","NaN","NaN","NaN","NaN","NaN","NaN"
"2001-11-26T01:00:00",60,"GTF","288.05","43.62","6.22","53.57","20.59","36.43","-15.80","130.25","NaN","NaN","NaN","NaN","NaN","NaN"
"2001-11-27T01:00:00",60,"GTF","288.05","43.62","6.22","53.57","20.58","36.43","-15.80","130.32","NaN","NaN","NaN","NaN","NaN","NaN"
"2001-11-28T01:00:00",60,"GTF","288.05","43.62","6.22","53.57","20.57","36.43","-15.80","130.37","NaN","NaN","NaN","NaN","NaN","NaN"
"2001-11-29T01:00:00",60,"GTF","288.05","43.62","6.22","53.57","20.57","36.43","-15.80","130.42","NaN","NaN","NaN","NaN","NaN","NaN"
"2001-11-30T01:00:00",60,"GTF","288.05","43.62","6.22","53.57","20.56","36.43","-15.80","130.46","NaN","NaN","NaN","NaN","NaN","NaN"
"2001-12-01T01:00:00",60,"GTF","288.05","43.62","6.22","53.57","20.55","36.43","-15.80","130.50","NaN","NaN","NaN","NaN","NaN","NaN"
"2001-12-02T01:00:00",60,"GTF","288.05","43.62","6.22","53.57","20.54","36.43","-15.80","130.53","NaN","NaN","NaN","NaN","NaN","NaN"
"2001-12-03T01:00:00",60,"GTF","288.05","43.62","6.22","53.57","20.53","36.43","-15.80","130.55","NaN","NaN","NaN","NaN","NaN","NaN"
"2001-12-04T01:00:00",60,"GTF","288.05","43.62","6.22","53.57","20.52","36.43","-15.80","130.57","NaN","NaN","NaN","NaN","NaN","NaN"
"2001-12-05T01:00:00",60,"GTF","288.05","43.62","6.22","53.57","20.51","36.43","-15.80","130.58","NaN","NaN","NaN","NaN","NaN","NaN"
"2001-12-06T01:00:00",60,"GTF","288.05","43.62","6.22","53.57","20.50","36.43","-15.80","130.58","NaN","NaN","NaN","NaN","NaN","NaN"
"2001-12-07T01:00:00",60,"GTF","288.05","43.62","6.22","53.57","20.49","36.43","-15.80","130.58","NaN","NaN","NaN","NaN","NaN","NaN"
"2001-12-08T01:00:00",60,"GTF","288.05","43.62","6.22","53.57","20.49","36.43","-15.80","130.57","NaN","NaN","NaN","NaN","NaN","NaN"
"2001-12-09T01:00:00",60,"GTF","288.05","43.62","6.22","53.57","20.48","36.43","-15.80","130.56","NaN","NaN","NaN","NaN","NaN","NaN"
"2001-12-10T01:00:00",60,"GTF","288.05","43.62","6.22","53.57","20.47","36.43","-15.80","130.53","NaN","NaN","NaN","NaN","NaN","NaN"
"2001-12-11T01:00:00",60,"GTF","288.05","43.62","6.22","53.57","20.46","36.43","-15.80","130.51","NaN","NaN","NaN","NaN","NaN","NaN"
"2001-12-12T01:00:00",60,"GTF","288.05","43.62","6.23","53.57","20.45","36.43","-15.80","130.47","NaN","NaN","NaN","NaN","NaN","NaN"
"2001-12-13T01:00:00",60,"GTF","288.05","43.62","6.23","53.57","20.44","36.43","-15.80","130.43","NaN","NaN","NaN","NaN","NaN","NaN"
"2001-12-14T01:00:00",60,"GTF","288.05","43.62","6.23","53.57","20.43","36.43","-15.80","130.39","NaN","NaN","NaN","NaN","NaN","NaN"
"2001-12-15T01:00:00",60,"GTF","288.05","43.62","6.23","53.57","20.42","36.43","-15.80","130.34","NaN","NaN","NaN","NaN","NaN","NaN"
"2001-12-16T01:00:00",60,"GTF","288.05","43.62","6.23","53.57","20.41","36.43","-15.80","130.28","NaN","NaN","NaN","NaN","NaN","NaN"
"2001-12-17T01:00:00",60,"GTF","288.05","43.62","6.23","53.57","20.40","36.43","-15.80","130.22","NaN","NaN","NaN","NaN","NaN","NaN"
"2001-12-18T01:00:00",60,"GTF","288.05","43.62","6.23","53.56","20.39","36.44","-15.80","130.15","NaN","NaN","NaN","NaN","NaN","NaN"
"2001-12-19T01:00:00",60,"GTF","288.05","43.62","6.23","53.56","20.38","36.44","-15.80","130.08","NaN","NaN","NaN","NaN","NaN","NaN"
"2001-12-20T01:00:00",60,"GTF","288.05","43.62","6.23","53.56","20.37","36.44","-15.80","130.00","NaN","NaN","NaN","NaN","NaN","NaN"
"2001-12-21T01:00:00",60,"GTF","288.05","43.62","6.23","53.56","20.36","36.44","-15.80","129.92","NaN","NaN","NaN","NaN","NaN","NaN"
"2001-12-22T01:00:00",60,"GTF","288.05","43.62","6.23","53.56","20.36","36.44","-15.80","129.83","NaN","NaN","NaN","NaN","NaN","NaN"
"2001-12-23T01:00:00",60,"GTF","288.05","43.62","6.23","53.56","20.35","36.44","-15.80","129.73","NaN","NaN","NaN","NaN","NaN","NaN"
"2001-12-24T01:00:00",60,"GTF","288.05","43.62","6.23","53.56","20.34","36.44","-15.80","129.64","NaN","NaN","NaN","NaN","NaN","NaN"
"2001-12-25T01:00:00",60,"GTF","288.05","43.62","6.23","53.56","20.33","36.44","-15.80","129.53","NaN","NaN","NaN","NaN","NaN","NaN"
"2001-12-26T01:00:00",60,"GTF","288.05","43.62","6.23","53.56","20.32","36.44","-15.80","129.43","NaN","NaN","NaN","NaN","NaN","NaN"
"2001-12-27T01:00:00",60,"GTF","288.05","43.62","6.23","53.56","20.31","36.44","-15.80","129.31","NaN","NaN","NaN","NaN","NaN","NaN"
"2001-12-28T01:00:00",60,"GTF","288.05","43.62","6.23","53.56","20.31","36.44","-15.80","129.20","NaN","NaN","NaN","NaN","NaN","NaN"
"2001-12-29T01:00:00",60,"GTF","288.05","43.62","6.23","53.56","20.30","36.44","-15.80","129.08","NaN","NaN","NaN","NaN","NaN","NaN"
"2001-12-30T01:00:00",60,"GTF","288.05","43.62","6.23","53.56","20.29","36.44","-15.80","128.95","NaN","NaN","NaN","NaN","NaN","NaN"
"2001-12-31T01:00:00",60,"GTF","288.05","43.62","6.23","53.56","20.28","36.44","-15.80","128.82","NaN","NaN","NaN","NaN","NaN","NaN"
